{
  "weapons": [
    {
      "id": "w_sword",
      "weaponName": "Sword of Ember",
      "baseDamage": 12,
      "attackSpeed": 1.0,
      "icon_keyword": "sword"
    },
    {
      "id": "w_bow",
      "weaponName": "Frost Bow",
      "baseDamage": 9,
      "attackSpeed": 0.9,
      "icon_keyword": "bow"
    },
    {
      "id": "w_dagger",
      "weaponName": "Storm Dagger",
      "baseDamage": 7,
      "attackSpeed": 1.8,
      "icon_keyword": "dagger"
    },
    {
      "id": "w_hammer",
      "weaponName": "Stone Hammer",
      "baseDamage": 18,
      "attackSpeed": 0.6,
      "icon_keyword": "hammer"
    },
    {
      "id": "w_staff",
      "weaponName": "Arcane Staff",
      "baseDamage": 11,
      "attackSpeed": 1.1,
      "icon_keyword": "staff"
    }
  ],
  "cards": [
    {
      "id": "c_blaze",
      "cardName": "Blaze",
      "description": "Grants fire damage bonus.",
      "rarity": 1,
      "icon_keyword": "fire",
      "instantAbility": "ignite"
    },
    {
      "id": "c_shadowdash",
      "cardName": "Shadow Dash",
      "description": "Teleport and damage on arrival.",
      "rarity": 2,
      "icon_keyword": "shadow",
      "instantAbility": "teleport"
    },
    {
      "id": "c_stoneskin",
      "cardName": "Stone Skin",
      "description": "Brief invulnerability.",
      "rarity": 1,
      "icon_keyword": "shield",
      "instantAbility": "invulnerability"
    },
    {
      "id": "c_sharpshot",
      "cardName": "Sharpshot",
      "description": "Piercing arrows.",
      "rarity": 1,
      "icon_keyword": "arrow",
      "instantAbility": "pierce"
    },
    {
      "id": "c_shockwave",
      "cardName": "Shockwave",
      "description": "Wide-arc stun on charged attack.",
      "rarity": 2,
      "icon_keyword": "wave",
      "instantAbility": "shockwave"
    },
    {
      "id": "c_rapidfire",
      "cardName": "Rapid Fire",
      "description": "Increases fire rate.",
      "rarity": 1,
      "icon_keyword": "rapid",
      "instantAbility": "hastened"
    },
    {
      "id": "c_toxiccloud",
      "cardName": "Toxic Cloud",
      "description": "Poisons enemies on hit.",
      "rarity": 1,
      "icon_keyword": "toxic",
      "instantAbility": "poison"
    },
    {
      "id": "c_guardian",
      "cardName": "Guardian Spirit",
      "description": "Temporary protective shield.",
      "rarity": 2,
      "icon_keyword": "guardian",
      "instantAbility": "shield"
    }
  ],
  "affixes": [
    {
      "id": "a_attack_speed_plus",
      "affixName": "+20% attack speed",
      "effectDescription": "Increase attack speed by 20%",
      "value": 20
    },
    {
      "id": "a_crit_plus",
      "affixName": "+15% crit chance",
      "effectDescription": "Increase critical chance by 15%",
      "value": 15
    },
    {
      "id": "a_maxhp_minus",
      "affixName": "-10% max health",
      "effectDescription": "Reduces max health by 10%",
      "value": -10
    },
    {
      "id": "a_bonus_vs_frozen",
      "affixName": "+30% damage vs frozen",
      "effectDescription": "Increase damage vs frozen targets by 30%",
      "value": 30
    }
  ]
}